temp1,temp2,intensity,warm,temp3,gas,outcome
14,851,6075,50.68,1504,4937,0
16,880,2888,32.43,3920,4937,0
16,879,3348,32.43,272,4937,0
16,881,3347,32.52,5360,4937,0
29,880,3268,31.52,1232,4937,0
29,878,3285,31,1136,4937,0
16,881,3056,32.73,5792,4937,0
29,879,3204,31.46,2256,4937,0
29,879,3167,32.46,208,4937,0
22,882,3215,33.4,5760,4937,0
29,875,2777,31.77,0,4937,0
29,880,3011,31.85,2272,4937,0
29,878,3618,32,1024,4937,0
29,882,0,33.73,4304,4937,0
29,880,3108,32.44,0,4937,0
29,881,3217,32.11,2496,4937,0
29,879,3370,31.94,832,4937,0
23,881,2838,32.95,4816,4937,0
29,881,2768,31.68,0,4937,0
29,882,3051,31.76,2816,4937,0
29,879,3328,31.04,1632,4937,0
16,881,3148,32.87,5728,4937,0
29,880,3009,31.8,1824,4937,0
29,880,2935,31.95,1296,4937,0
16,880,3401,32.89,5888,4937,0
23,879,3215,30.83,1792,4937,0
29,879,3538,31.09,320,4937,0
29,884,2742,30.75,0,4937,0
29,879,2908,30.57,2336,4937,0
29,880,3356,31.29,976,4937,0
17,881,3031,33.18,4432,4937,0
29,883,2739,31.51,0,4937,0
29,881,2939,31.05,2704,4937,0
29,879,3245,31.3,1040,4937,0
16,881,3091,32.48,5184,4937,0
29,879,3327,31,1872,4937,0
29,880,3526,30.75,1328,4937,0
16,881,3175,33.11,4240,4937,0
16,880,3225,33.2,384,4937,0
16,881,3042,32.47,5808,4937,0
29,878,2911,30.54,1888,4937,0
29,879,3322,30.99,1168,4937,0
16,880,3488,32.66,6112,4937,0
29,875,2700,31.05,0,4937,0
29,881,3030,31.09,1696,4937,0
29,879,3031,30.88,1088,4937,0
15,852,6075,53.28,1104,4937,0
17,881,3425,33.2,3840,4937,0
17,881,3034,33.32,0,4937,0
16,881,2966,32.73,5120,4937,0
29,881,3654,32.11,2224,4937,0
29,880,3103,31.86,1296,4937,0
28,881,3323,33.02,4880,4937,0
29,880,3317,31.36,0,4937,0
29,881,3545,31.37,2496,4937,0
29,881,3084,31.71,576,4937,0
16,882,3019,32.74,5232,4937,0
29,872,2799,31.04,0,4937,0
29,880,3034,30.87,2672,4937,0
29,878,3508,30.75,1056,4937,0
16,881,2932,32.88,5456,4937,0
23,881,2744,31.11,1632,4937,0
29,878,3500,30.81,576,4937,0
16,879,3282,32.7,5808,4937,0
19,881,2830,30.9,2240,4937,0
29,879,3192,30.47,1216,4937,0
16,882,3101,33.04,3952,4937,0
17,882,3068,33.25,5136,4937,0
29,878,3385,31.28,640,4937,0
29,880,3007,31.48,3152,4937,0
14,872,3200,17.61,2928,4937,0
16,880,2872,32.5,4944,4937,0
16,880,3274,32.45,1040,4937,0
16,881,2877,32.86,3776,4937,1
17,880,3103,32.8,0,4937,1
14,875,3290,34.57,2144,4937,1
16,880,3402,33.11,4208,4937,1
16,881,3534,33.49,656,4937,1
16,881,3073,32.22,6192,4937,0
26,880,2901,30.66,2272,4937,0
29,879,3525,31.15,880,4937,0
17,882,2965,33.1,4304,4937,0
29,881,3010,31.1,0,4937,0
29,881,3168,31.36,2736,4937,0
29,880,3355,31.41,416,4937,0
16,882,3260,33.1,5760,4937,0
29,880,3211,31.76,1904,4937,0
29,879,3143,31.96,1168,4937,0
29,880,3087,31.97,0,4937,0
29,880,3225,31.88,2016,4937,0
29,880,3243,30.87,320,4937,0
16,880,2964,32.7,5328,4937,0
28,879,3067,31.46,2176,4937,0
29,881,3413,31.61,976,4937,0
27,880,0,33.33,5200,4937,0
29,880,3266,31.63,0,4937,0
29,881,3260,31.41,3344,4937,0
29,878,3273,31.21,848,4937,0
16,880,3214,33.49,5792,4937,0
29,880,3271,32.47,1776,4937,0
29,880,3250,31.78,880,4937,0
16,882,2904,32.69,5728,4937,0
25,878,2745,30.55,0,4937,0
26,879,3091,30.65,2880,4937,0
29,880,2983,30.54,1392,4937,0
16,880,3068,33.02,5520,4937,0
29,880,3020,30.99,2112,4937,0
29,877,3233,30.68,976,4937,0
16,882,2882,32.51,5648,4937,0
20,881,2736,30.91,1536,4937,0
29,880,3133,30.95,1040,4937,0
29,880,3308,31.2,0,4937,0
29,880,3044,31.11,2464,4937,0
29,880,3144,31.25,1568,4937,0
16,881,3657,33.14,5792,4937,0
29,880,3263,32.31,1888,4937,0
29,880,3324,31.77,1232,4937,0
14,873,2995,41.84,2592,4937,0
16,880,2818,32.53,3840,4937,0
16,882,2883,32.71,784,4937,0
16,882,2810,32.74,5632,4937,0
26,862,2864,31.64,0,4937,0
29,879,3214,31.36,2400,4937,0
29,880,2772,31.44,848,4937,0
16,881,0,32.76,5328,4937,0
29,881,3347,31.61,0,4937,0
29,881,3150,31.49,2288,4937,0
29,881,2948,31.97,1696,4937,0
29,880,3010,31.2,0,4937,0
29,879,3030,31.07,3568,4937,0
29,880,3272,31.32,1632,4937,0
16,880,3040,33.09,5056,4937,0
26,880,3008,30.82,2672,4937,0
29,880,2750,30.87,1440,4937,0
29,877,3126,31.4,0,4937,0
29,880,3607,31.54,3408,4937,0
29,881,3298,31.52,1024,4937,0
16,882,3064,32.88,5632,4937,0
29,882,3359,31.59,2544,4937,0
29,880,3102,31.83,352,4937,0
29,882,2688,31,0,4937,0
29,880,3539,30.88,2800,4937,0
29,880,3108,31.59,1824,4937,0
16,881,3090,33.09,5360,4937,0
29,854,6075,31.55,0,4937,0
29,880,3047,31.08,2528,4937,0
29,880,3324,31.79,1232,4937,0
29,882,3126,32.5,0,4937,0
29,880,3301,32.05,2304,4937,0
29,879,3401,31.75,608,4937,0
16,882,3180,33.61,4944,4937,0
29,881,2779,31.91,0,4937,0
29,880,3119,31.69,2560,4937,0
29,879,3587,31.82,1008,4937,0
29,881,3686,33.5,3072,4944,1
29,880,3483,33.69,0,4928,1
16,881,3182,33.19,4352,4928,1
16,881,2928,33.21,544,4912,1
17,876,3342,32.81,3552,4944,1
17,876,3173,32.87,848,4912,1
16,876,2786,32.5,5152,4928,1
29,876,2806,31.57,2480,4944,1
29,875,3167,31.28,1312,4960,1
29,875,3208,31.66,3520,4944,0
29,876,3162,31.37,2688,4960,0
29,874,3482,31.64,1136,4960,0
29,874,3398,31.82,0,4928,0
17,877,3086,33.07,4816,4960,0
29,874,2682,30.85,0,4960,0
29,875,2710,30.72,1888,4944,0
29,873,3089,30.32,1920,4944,0
16,876,3643,33.08,5408,4960,0
29,874,3341,30.95,1712,4928,0
29,872,3294,30.78,1632,4944,0
16,876,3007,33.13,5328,4928,0
29,875,2730,31.42,0,4944,0
29,875,3248,31.25,2528,4928,0
29,875,2713,30.78,1232,4512,0
16,876,3099,32.71,4928,4944,0
29,875,3465,30.91,1856,4928,0
29,872,3517,31.04,320,4896,0
17,877,3458,32.67,4688,4960,0
29,877,2864,30.69,0,4944,0
29,875,2828,30.79,1888,4944,0
29,875,3629,31.62,640,4928,0
23,877,2935,32.88,4944,4944,0
29,879,2731,31.5,0,4944,0
29,875,3128,31.14,1696,4944,0
29,875,3140,31.11,720,4960,0
29,876,3130,32.82,4160,4960,0
29,876,3182,31.29,0,4944,0
29,876,2981,30.61,2272,4960,0
29,874,3068,30.17,960,4960,0
17,876,2863,32.39,4752,4944,0
29,876,2636,30.41,0,4928,0
29,875,3210,30.48,1952,4960,0
29,875,3026,30.74,1344,4976,0
29,873,3328,30.4,0,4944,0
29,875,2966,30.22,2032,4928,0
29,875,3315,30.16,1296,4960,0
17,876,3266,32.53,4816,4944,0
29,874,3042,30.61,0,4928,0
29,877,2951,30.78,2240,4928,0
29,876,3225,30.99,944,4928,0
23,876,0,33.06,4496,4928,0
29,875,3353,31.79,0,4944,0
29,875,3155,31.3,3184,4960,0
29,874,3470,31.41,1264,4960,0
29,877,2987,33.29,4464,4944,0
29,876,2901,31.99,0,4928,0
29,876,3025,31.71,1824,4944,0
29,876,2887,31.57,752,4944,0
16,877,2871,33.13,5664,4944,0
29,876,3585,31.48,2432,4944,0
29,874,2802,31.34,1440,4928,0
17,876,3083,33.21,3520,4928,0
17,874,3564,33.45,624,4944,0
29,873,3188,30.98,0,4944,0
29,876,3019,30.86,3392,4960,0
29,876,3240,31.26,1520,4960,0
16,876,2844,32.73,4160,4944,0
16,874,3373,32.61,880,4960,0
16,877,2788,32.13,6048,4944,0
28,874,2906,30.8,1376,4960,0
29,873,3236,31.01,192,4928,0
16,876,2799,32.53,5200,4960,0
29,874,2854,31.12,1824,4960,0
29,874,3201,31.25,1584,4976,0
16,876,3205,32.88,5936,4928,0
29,875,3163,31.31,1536,4944,0
29,874,3341,31.46,1232,4944,0
16,877,3111,32.95,5136,4944,0
29,864,2927,31.32,0,4928,0
29,873,3368,31.33,2032,4944,0
29,874,3522,31.23,1600,4944,0
29,877,2739,31.51,0,4944,0
29,875,3153,31.36,3184,4944,0
29,876,3073,30.95,1184,4960,0
16,876,3507,32.26,5600,4928,0
29,875,3510,31.34,1232,4944,0
29,875,3146,31.33,848,4928,0
16,877,2949,32.53,6016,4960,0
29,874,2707,30.54,1824,4960,0
29,874,3529,31.04,608,4944,0
17,876,3033,32.36,3568,4928,0
17,876,3064,32.58,432,4944,0
16,876,3344,32.33,5184,4848,0
29,875,2732,30.81,1312,4944,0
29,873,3483,31.48,1088,4928,0
28,878,3437,33.21,4432,4944,0
29,862,2908,32.08,0,4944,0
29,876,3344,31.98,2208,4928,0
29,875,3103,31.53,704,4944,0
16,877,3363,32.86,5328,4896,0
29,874,3488,31.29,1856,4928,0
29,875,3166,31.42,944,4928,0
16,875,3312,32.42,3632,4912,0
19,878,3034,32.58,5552,4912,0
29,875,2677,30.82,0,4944,0
29,874,3220,30.79,1504,4928,0
29,874,3109,30.7,3552,4944,0
14,846,6037,52.33,2336,4912,0
16,876,3435,33.33,4352,4928,0
17,876,3542,33.49,784,4912,0
17,876,3384,32.91,5392,4944,0
29,864,2930,32.35,0,4928,0
29,876,3692,32.1,2496,4960,0
29,876,3521,31.84,1504,4928,0
17,877,3415,33.04,5232,4928,0
29,853,2965,32.65,0,4944,0
29,874,3608,32.03,2272,4928,0
29,874,3622,31.7,1136,4944,0
17,876,3203,32.73,3776,4912,0
29,878,3085,32.98,5056,4928,0
29,873,3329,31.2,0,4928,0
29,874,3353,31.14,2704,4944,0
18,876,3014,32.85,4736,4928,0
29,876,2675,30.94,0,4928,0
29,876,3043,30.78,2896,4960,0
29,874,3153,30.85,784,4944,0
16,876,2867,32.61,4112,4944,0
16,874,2886,32.71,1168,4944,0
16,875,2868,32.58,5072,4944,0
29,876,2882,31.15,2016,4960,0
29,875,2987,31.12,496,4944,0
17,877,3088,33.13,5184,4944,0
29,874,3171,31.76,0,4944,0
29,873,3152,31.6,2544,4944,0
29,875,3147,31.85,1888,4944,0
16,876,3179,32.9,5392,4928,0
29,875,3224,32.02,1472,4928,0
29,876,2967,32.55,448,4944,0
23,877,3243,32.56,3664,4944,0
29,875,3462,33.2,5072,4928,0
29,874,3504,30.52,224,4944,0
29,874,3106,30.7,2544,4928,0
16,875,2923,32.38,5680,4960,0
29,875,3089,31.32,2752,4928,0
29,874,3164,31.87,1504,4960,0
29,876,3256,32.61,4656,4912,0
29,875,3193,31.05,0,4960,0
29,875,2917,30.75,3152,4944,0
29,874,3560,31.15,880,4928,0
16,877,3033,32.89,5728,4944,0
29,874,3452,30.9,2432,4928,0
29,875,3168,31.02,1632,4928,0
29,877,3002,33.12,5072,4960,0
29,875,2946,31.67,0,4928,0
29,874,3259,31.46,3408,4928,0
29,875,3530,31.42,1664,4928,0
17,875,3479,33.24,4144,4960,1
26,876,3462,33.28,656,4928,1
16,875,3228,32.66,5440,4896,1
16,874,3670,32.56,0,4928,1
29,876,2902,32.92,2832,4944,1
16,870,3171,32.53,4208,4944,1
17,872,3083,32.8,560,4944,1
16,872,2771,32.2,5136,4944,1
29,867,2896,30.66,1776,4944,1
29,869,3210,30.79,784,4944,1
16,872,3129,32.8,4304,4944,1
29,871,3223,30.86,2032,4944,1
29,868,3257,31.55,368,4896,1
17,872,2999,33.04,4928,5040,0
29,870,3373,31.59,2368,4944,0
29,868,3282,31.3,976,4944,0
28,870,3238,32.88,3904,4928,0
29,870,2745,31.55,0,4944,0
29,870,3168,31.5,2272,4944,0
29,871,3545,31.18,1504,4944,0
28,869,0,33,4944,4944,0
29,871,2948,31.46,0,4928,0
29,870,3014,31.42,3328,4944,0
29,870,3550,31.08,656,4944,0
16,870,3040,32.04,5264,4944,0
29,869,3023,30.88,2176,4928,0
29,869,3499,30.74,912,4944,0
16,872,3658,32.65,4976,4960,0
29,870,3284,31.25,2256,4960,0
29,871,2975,31.39,1136,4928,0
21,871,3070,32.92,4544,4944,0
29,872,3054,31.61,0,4928,0
29,872,2770,31.45,2528,4944,0
29,868,3261,31.09,1024,4944,0
16,871,3062,32.48,5616,4944,0
29,870,3044,31.21,1520,4944,0
29,869,2743,30.98,912,4944,0
16,870,3025,32.61,5920,4912,0
29,870,3200,31.53,976,4944,0
29,870,3186,31.36,656,4928,0
16,872,3093,32.62,4816,4944,0
29,870,2938,31.05,2016,4928,0
29,869,3217,31.01,736,4928,0
16,871,3190,32.82,3792,4944,0
16,871,3211,33.39,5264,4928,0
29,868,3225,31.09,0,4944,0
29,871,3050,31.13,3024,4944,0
14,841,6000,39.36,2144,4912,0
16,870,2832,32.83,4432,4928,0
16,870,3380,32.89,1216,4944,0
16,872,3108,32.48,6016,4944,0
29,872,2795,31.6,1696,4928,0
29,870,2951,31.02,368,4880,0
16,871,3040,33.15,5200,4944,0
29,868,3316,32.1,656,4944,0
29,871,2996,31.78,688,4912,0
16,872,3300,32.73,4944,4944,0
29,871,3152,31.64,0,4928,0
29,869,3217,31.98,2016,4944,0
29,870,2846,32.09,1168,4928,0
16,871,3108,32.54,4576,4944,0
29,867,3472,30.89,0,4928,0
29,871,3155,30.8,2800,4912,0
29,870,3242,31.17,1504,4944,0
16,872,3564,32.64,5920,4960,0
29,870,3424,30.97,1472,4944,0
29,869,3527,31.1,1264,4976,0
16,871,3248,33.11,4944,4960,0
29,869,3160,31.09,1568,4928,0
29,870,3089,31.72,720,4960,0
16,872,3059,33.17,4976,4928,0
29,869,2807,31.36,1632,4928,0
29,870,3359,31.19,1232,4960,0
29,870,2899,33.32,3088,4944,0
29,870,3280,33.53,16,4944,0
16,872,2842,32.71,5392,4944,0
29,869,3141,31.55,768,4928,0
29,868,3156,31.19,1168,4928,0
16,880,3585,32.24,3408,4944,0
17,880,3017,32.3,208,4944,0
17,881,3398,32.19,3952,4928,0
25,881,3117,32.25,1088,4960,0
27,886,3065,32.93,5504,4944,0
29,885,3157,30.81,0,4928,0
29,885,3228,30.93,2464,4928,0
29,884,3215,30.66,1264,4944,0
17,884,3044,33.01,5920,4928,0
29,885,2667,30.72,0,4928,0
29,884,2934,31.07,1952,4928,0
29,885,2941,31.17,720,4944,0
17,886,3267,33.11,5536,4928,0
29,889,2767,31.65,0,4960,0
29,885,3063,31.43,2880,4944,0
30,885,3190,31.56,2032,4944,0
29,886,2921,33.13,3088,4944,0
29,886,3214,31.4,0,4944,0
29,884,3216,31.22,912,4944,0
29,887,3132,31.81,3520,4944,0
17,885,2895,32.95,4352,4960,0
29,885,3324,31.2,1568,4944,0
16,887,3262,33.09,5792,4944,0
29,886,3071,31.31,1920,4944,0
29,882,3436,30.94,1136,4928,0
17,885,3296,33.5,3920,4928,0
29,885,3261,33.59,624,4944,0
16,885,3149,32.79,5328,4928,0
29,884,3336,31.03,1760,4944,0
29,884,3267,31.39,1264,4944,0
16,886,3379,32.76,5760,4944,0
29,885,3279,31.43,1472,4944,0
29,884,3525,31.1,1200,4944,0
16,886,2820,32.36,5984,4944,0
29,885,3065,30.8,1952,4912,0
29,884,3230,30.86,688,4960,0
16,886,3380,32.84,4528,4928,0
26,884,3545,33.45,4864,4944,0
29,884,3362,31.4,656,4944,0
29,884,3173,31.49,2896,4928,0
16,887,3213,32.37,5536,4944,0
29,885,3199,30.63,2640,4912,0
29,884,3009,30.57,1008,4928,0
16,885,2882,32.23,6048,4944,0
29,885,2922,30.82,1952,4944,0
29,885,3224,31.11,912,4944,0
16,886,3139,32.64,4208,4944,0
17,884,3488,32.6,896,4928,0
16,884,3290,32.93,4672,4944,0
16,885,3193,32.84,784,4944,0
16,885,3316,32.92,5600,4944,0
29,872,2873,31.78,0,4944,0
29,885,3011,31.43,2672,4944,0
29,885,3379,31.95,1264,4944,0
16,885,2984,32.48,5920,4912,0
29,884,2852,31.17,1952,4944,0
29,885,3391,31.64,1296,4944,0
29,886,3160,32.95,5008,4944,0
29,884,3241,31.6,0,4912,0
29,886,2828,31.49,3856,4960,0
29,884,3060,31.32,1408,4960,0
29,884,3023,31.42,0,4912,0
29,884,3270,31.45,2768,4912,0
29,885,3066,31.6,1248,4944,0
16,886,3071,32.77,5728,4912,0
29,884,3204,31.71,1968,4944,0
29,885,3325,32.06,976,4944,0
17,887,3281,32.88,3536,4944,0
20,886,3204,33.05,416,4928,0
16,885,3367,32.77,4304,4912,0
26,885,3032,32.74,5168,4912,0
29,885,3074,31.6,352,4912,0
29,886,3015,31.7,2960,4944,0
29,885,3160,31.81,0,4960,0
29,885,3613,31.71,3088,4944,0
29,884,3376,31.41,1088,4928,0
16,886,3075,33.06,5200,4944,0
29,885,2912,31.57,2240,4912,0
29,885,2911,31.79,1696,4944,0
16,887,3229,32.7,5616,4912,0
26,885,3009,31.21,0,4912,0
29,885,3207,31.37,2336,4960,0
29,884,3391,31.32,1840,4928,0
16,887,3266,32.7,5264,4928,0
29,883,2774,31.72,0,4928,0
29,886,3222,31.66,2464,4960,0
29,885,3373,31.47,816,4928,0
16,885,3142,32.81,5760,4960,0
29,886,3297,31.43,2016,4944,0
29,884,3280,31.17,1296,4912,0
29,886,3282,33.22,4976,4912,0
29,886,3477,31.72,0,4944,0
29,886,2764,31.56,2880,4960,0
29,885,2950,31.26,576,4944,0
17,887,3215,33.25,4976,4928,0
29,890,2759,31.78,0,4944,0
29,885,3394,31.67,2832,4912,0
29,884,3234,31.17,720,4944,0
29,885,3027,31.25,0,4928,0
29,887,2960,31.28,3616,4944,0
29,884,3264,31.2,880,4944,0
16,887,2969,32.81,5616,4944,0
29,885,3108,31.45,2416,4960,0
29,882,3644,32.1,1088,4960,0
17,887,3098,32.95,4912,4928,0
29,876,2834,31.34,0,4944,0
29,884,3023,31.05,2896,4928,0
29,883,3371,31.21,592,4944,0
16,887,3155,32.8,5872,4944,0
29,885,3208,31.76,3024,4944,0
29,884,3101,31.63,1296,4928,0
16,888,3008,33.02,5760,4928,0
29,886,3196,31.59,2560,4912,0
29,885,3591,31.5,1088,4944,0
29,886,3058,32.81,3392,4912,0
29,885,3247,31.54,0,4928,0
29,885,3119,31.67,976,4928,0
29,886,3580,31.58,3344,4928,0
29,886,3321,32.24,2400,4944,0
29,883,3626,32.3,0,4944,0
15,884,2811,32.47,6272,4896,0
18,884,3362,31.4,2288,4944,0
29,885,3239,31.44,1040,4928,0
14,870,3595,38.54,3440,4928,0
16,888,2883,32.72,4464,4928,0
16,885,3476,32.72,912,4928,0
16,887,3080,32.75,6048,4944,0
29,885,3167,31.93,2592,4928,0
29,885,3244,32.11,1664,4944,0
16,886,3162,32.99,5600,4944,0
29,882,2786,31.91,0,4896,0
29,885,3218,31.83,2960,4960,0
29,884,3127,31.8,1408,4944,0
17,886,3169,33.05,5472,4928,0
29,887,3066,31.85,0,4944,0
29,884,3037,31.59,3568,4944,0
29,886,3241,31.68,1504,4912,0
29,886,3309,33.06,4848,4944,0
29,883,3404,31.97,0,4928,0
29,886,3348,31.95,3152,4928,0
29,885,3179,31.28,624,4928,0
14,870,3295,43.8,3072,4928,0
16,886,3193,32.99,4208,4928,0
16,883,3516,32.9,880,4912,0
16,885,3059,33.01,6128,4992,0
29,887,3029,31.8,2896,4960,0
29,886,3557,31.81,1520,4944,0
16,887,2962,32.65,5472,4944,0
29,885,3058,31.29,2368,4912,0
29,885,3121,31.66,848,4688,0
19,885,3421,32.93,4160,4944,0
29,887,2822,31.36,0,4944,0
29,886,3188,31.36,656,4960,0
29,884,3421,31.39,3280,4928,0
21,885,3406,33.74,3632,4912,1
29,884,3426,34.01,752,4928,1
14,887,3490,34.07,7232,4960,1
18,885,3436,33.81,768,4896,1
28,885,3432,34.18,3568,4944,1
16,884,3246,33.14,4432,4928,1
17,884,3740,33.34,144,4944,1
16,885,3130,32.91,5920,4928,1
29,884,3247,32.16,1504,4928,1
29,884,3173,32.26,320,4928,1
20,886,3430,33.11,5200,4944,1
29,886,2872,31.84,0,4944,1
29,885,3427,31.69,2928,4896,1
29,884,3256,31.45,1504,4960,1
18,885,0,32.94,5120,4944,1
29,883,3416,31.44,0,4928,1
29,886,3286,31.17,2768,4912,1
29,884,3077,31.65,1104,4944,1
29,885,3163,31.96,0,4944,0
29,885,2788,31.91,2592,4944,0
29,883,3434,31.83,688,4912,0
16,887,3338,33.39,5360,4912,0
29,886,3568,32.73,0,4928,0
29,886,2868,32.42,2656,4928,0
29,884,3613,32.06,1536,4944,0
29,884,3391,31.94,0,4944,0
29,885,3619,31.68,3440,4944,0
29,884,3306,31.87,1600,4960,0
29,886,3028,31.54,0,4944,0
29,886,2800,31.41,2960,4928,0
29,884,3313,31.38,1344,4928,0
16,886,3413,32.83,4672,4944,0
29,884,3560,32.11,2208,4944,0
29,884,3359,32.24,896,4912,0
16,885,3408,33.33,5408,4960,0
29,864,2864,31.64,0,4944,0
29,884,3405,31.47,2752,4944,0
29,883,3212,31.81,832,4944,0
16,886,3230,33,6048,4944,0
29,885,3148,32.15,3216,4944,0
29,884,3022,31.96,1840,4928,0
16,887,3000,33.04,6048,4896,0
27,885,3167,32.45,2160,4944,0
29,884,3637,31.94,1664,4960,0
29,885,3253,32.63,0,4944,0
29,885,3410,32.79,3184,4944,0
29,885,3287,32.23,1632,4912,0
16,886,3088,32.94,5488,4960,0
17,887,2862,31.72,0,4928,0
29,884,3216,31.46,2880,4944,0
29,885,3005,31.94,1536,4928,0
15,887,3243,32.82,6176,4912,0
19,884,3164,31.85,1568,4944,0
29,884,3182,31.47,784,4944,0
16,885,2873,33.01,5920,4912,0
21,884,3221,31.97,1904,4896,0
29,884,3454,32.29,1104,4944,0
16,885,3267,32.93,4464,4944,0
16,886,3405,32.86,1216,4944,0
16,885,3032,32.62,5696,4944,0
29,870,2868,31.68,0,4928,0
26,885,2763,31.81,3152,4928,0
29,886,3044,31.91,1760,4960,0
29,884,3150,31.58,0,4912,0
29,885,3236,31.63,3184,4944,0
29,884,3098,31.56,1952,4928,0
15,885,3611,33.11,5920,4928,0
27,885,3362,32.37,1376,4960,0
29,884,3240,32.19,1296,4928,0
16,886,3461,33.2,3792,4928,1
17,885,3570,33.39,368,4928,1
14,873,3000,42.12,2176,4928,1
16,886,3394,33.38,4480,4928,1
16,884,3552,33.81,1280,4928,1
16,882,3164,32.66,5664,4944,1
21,883,3100,31.43,3008,4960,1
29,881,3296,31.61,1264,4912,1
16,882,3350,32.66,3792,4944,0
16,881,3345,32.59,5600,4944,0
29,881,3528,30.98,144,4928,0
29,882,3294,31.39,3536,4928,0
17,883,2999,33.19,4976,4944,0
29,882,3262,31.81,0,4912,0
29,883,3116,31.33,3536,4928,0
29,883,3181,31.44,1216,4928,0
29,883,3170,31.82,0,4928,0
29,883,3174,31.42,2192,4944,0
29,882,3162,31.41,1104,4912,0
16,884,2851,32.92,5856,4944,0
29,883,3055,31.22,1968,4960,0
29,881,3079,31.45,1408,4944,0
16,882,0,32.79,5232,4912,0
29,881,2906,32.11,0,4944,0
29,883,3156,32.15,2768,4944,0
29,882,3200,31.93,416,4944,0
29,883,3376,31.88,0,4928,0
29,881,3188,31.64,3024,4944,0
29,881,3634,32.04,1040,4944,0
14,852,6093,42.53,2400,4928,0
16,882,3695,33.13,4720,4944,0
16,882,3026,33.31,1216,4944,0
15,876,3153,34.69,3840,4944,0
16,865,2959,32.64,0,4944,0
16,877,3356,32.44,4304,4928,0
29,873,2890,30.61,2320,4928,0
29,874,3483,30.64,576,4944,0
20,877,3004,32.51,5232,4944,0
29,874,2802,31.02,0,4928,0
29,874,3418,31.04,2400,4944,0
29,874,3535,31.35,1536,4944,0
16,875,3185,30.91,2016,4928,0
16,877,3020,30.91,5984,4912,0
16,877,2913,32.7,5728,4944,0
29,876,2860,31.23,2096,4944,0
29,874,3541,31.04,848,4976,0
16,877,3577,32.29,5392,4928,0
29,875,2703,30.51,1952,4960,0
29,873,3306,30.67,1760,4944,0
17,877,0,31.93,5120,4944,0
29,876,2646,30.56,0,4896,0
29,876,2812,30.68,2816,4928,0
29,873,3202,30.55,2272,4960,0
16,876,3071,31.82,5264,4944,0
29,875,3116,30.8,2928,4928,0
29,874,3012,30.84,784,4928,0
16,876,3195,32.64,5472,4928,0
29,877,2824,31.22,2016,4928,0
29,875,3016,30.78,1632,4944,0
29,876,3155,32.95,4048,4912,0
29,874,2991,32.91,368,4944,0
16,875,3274,32.12,5280,4944,0
29,875,3238,30.96,1952,4960,0
29,874,2696,30.8,1168,4944,0
16,877,3494,33.03,5072,4944,0
29,874,3614,31.79,2464,4944,0
29,874,3156,31.21,640,4928,0
15,875,3240,32.56,5760,4912,0
29,876,2866,31.31,1408,4928,0
29,873,3349,31.23,1040,4944,0
16,875,3392,31.74,4112,4928,1
16,877,2812,32.05,784,4944,1
16,877,2824,32.67,4112,4944,1
17,874,3251,32.45,848,4960,1
16,876,2945,32.96,4816,4944,0
29,875,3333,30.87,2032,4944,0
29,874,3025,30.55,1712,4944,0
15,875,2882,32.55,5824,4944,0
27,875,2985,30.36,2720,4928,0
29,874,3434,30.82,1376,4944,0
16,876,3249,31.94,5920,4944,0
29,874,3300,30.74,2528,4944,0
29,874,3050,30.96,720,4960,0
15,874,2703,31.5,5536,5120,0
29,873,3513,30.54,1952,4944,0
29,874,3277,30.7,1408,4960,0
17,875,3157,32.85,4880,4928,0
29,874,3260,30.77,0,4944,0
29,876,3098,30.79,3440,4912,0
29,872,3342,30.79,880,4912,0
16,876,2928,32.79,3536,4960,0
17,875,3567,32.64,1072,4960,0
15,877,3163,32.37,3392,4944,0
17,877,3453,32.37,4800,4928,0
29,874,3350,30.27,0,4960,0
29,876,3091,30.18,2928,4960,0
15,876,3203,32.48,5600,4928,0
20,875,3075,30.88,1824,4928,0
29,875,3166,31.43,976,4944,0
16,877,3259,33.04,5872,4928,0
29,873,2709,31.24,0,4928,0
29,876,3328,31.05,2240,4928,0
29,875,3043,31.26,1520,4928,0
16,875,3197,31.49,6048,4944,0
17,874,2686,29.47,1824,4944,0
23,875,2996,30.6,912,4928,0
16,877,2948,32.3,4752,4928,0
29,878,2615,30.27,0,4912,0
26,876,2767,30.2,2656,4944,0
29,874,2993,30.63,1408,4944,0
29,873,3236,30.6,0,4960,0
29,873,3496,30.74,2960,4960,0
29,875,3219,30.82,1968,4944,0
15,877,3169,32.25,5536,4960,0
17,874,3159,30.84,2096,4944,0
29,873,3229,30.85,2096,4960,0
14,860,2995,39.37,2688,4912,0
16,877,3384,32.44,4176,4960,0
16,875,3283,32.69,1088,4944,0
16,877,3080,32.16,5456,4944,0
28,874,3480,30.73,1888,4960,0
29,874,3025,30.81,880,4960,0
15,877,2893,32.62,5664,4928,0
25,873,3085,30.7,2208,4944,0
29,874,2990,30.43,1472,4960,0
16,877,3262,32.25,5696,4960,0
23,876,2672,30.08,1760,4944,0
29,875,3268,30.15,816,4944,0
16,877,3076,32.17,4592,4944,0
29,874,2584,29.96,0,4944,0
29,874,3450,29.93,2528,4944,0
29,875,3484,30.2,1616,4944,0
29,876,3045,30.64,0,4944,0
29,876,3120,30.73,2752,4944,0
29,874,3025,31.13,944,4928,0
16,876,2997,32.42,5104,4960,0
25,874,3522,30.7,1984,4928,0
29,874,3132,31.04,1568,4944,0
16,878,2875,32,5792,4928,0
23,872,3195,30.85,1952,4944,0
29,876,3197,30.69,848,4928,0
16,877,3248,32.64,4688,4928,0
16,877,3125,32.77,5376,4928,0
29,874,3252,31.26,16,4944,0
29,876,3585,31.38,3408,4944,0
16,877,3094,32.91,3904,4928,0
16,876,3234,32.96,5792,4928,0
29,873,3530,30.94,1232,4912,0
29,875,3216,30.97,2496,4928,0
15,877,3173,32.02,5616,4960,0
27,875,3166,31.12,2336,4944,0
29,873,2699,30.57,976,4944,0
16,877,3356,32.89,5120,4944,0
29,877,3046,31.53,0,4928,0
29,875,3267,31.48,2768,4912,0
29,874,3386,31.41,1232,4912,0
16,877,3227,32.72,5264,4928,0
29,875,3544,30.6,2016,4960,0
29,873,2959,31.09,784,4960,0
16,875,3654,32.49,3952,4928,0
16,874,3368,32.61,704,4944,0
15,876,2965,32.23,5664,4960,0
29,875,3325,30.74,2352,4944,0
29,874,3470,31.38,1456,4928,0
15,876,3540,32.82,5792,4960,0
28,873,3223,31.18,2096,4944,0
29,875,3055,32.2,1104,4960,0
16,876,3749,32.94,4352,4928,0
17,876,3539,33.49,5184,4928,0
29,875,3179,31.73,0,4944,0
29,875,3272,31.59,2656,4944,0
16,876,3278,32.7,2432,4928,0
22,876,3504,32.94,2032,4944,0
25,875,3319,32.38,2032,4944,0
29,875,3223,31.92,2896,4912,0
29,875,3007,32.11,2224,4944,0
29,873,3429,32.13,3152,4944,0
29,875,3217,32.05,3792,4928,0
29,873,3577,31.96,3920,4960,0
29,874,3013,31.7,4240,4928,0
15,875,3231,32.64,5872,4960,0
29,875,3272,31.11,1776,4944,0
29,874,3394,31.45,832,4944,0
16,876,3253,32.58,4240,4976,0
16,875,3288,32.71,480,4928,0
15,876,2900,39.18,2592,4912,0
29,875,2688,30.64,4464,4944,0
30,875,2957,30.73,0,4912,0
29,879,3037,31.15,8352,4928,0
30,874,2920,30.72,1920,4944,0
30,875,3274,30.34,0,4928,0
31,867,2746,30.51,0,4944,0
30,874,2648,29.85,2160,4928,0
31,873,2682,30.82,0,4928,0
30,876,3170,30,1120,4944,0
31,875,3026,30.71,0,4928,0
31,876,2584,30.47,0,4992,0
31,877,2800,31.05,2528,4960,0
31,877,2807,30.72,544,4944,0
29,876,2722,30.55,8912,4912,0
30,877,3057,29.77,2032,4976,0
31,873,3009,29.68,0,4944,0
29,877,2683,30.57,4448,4912,0
29,879,2573,29.78,0,4928,0
29,873,3373,29.36,0,4928,0
29,874,2879,29.25,3696,4928,0
29,881,2643,30.64,0,4944,0
29,877,3314,30.04,3184,4704,0
29,874,2679,30.44,192,4944,0
29,876,2803,29.61,2736,4944,0
29,873,2650,30.07,0,4976,0
15,861,3000,38.53,1232,4912,1
16,875,2710,30.75,4048,4960,1
17,873,2868,31.01,16,4944,1
14,875,3290,50.23,10208,4944,1
29,875,3341,30.87,416,4928,1
29,877,2954,31.08,4640,4944,1
15,877,3055,30.95,6048,4928,1
15,874,3516,31.06,1216,4944,1
16,876,3269,31.63,3088,4960,1
28,874,2890,31.01,2352,4944,1
29,875,2761,31.6,3216,4944,1
28,875,2920,30.81,3088,4944,1
29,875,3096,30.82,2032,4944,1
29,877,3393,30.72,3152,4944,1
29,875,3363,30.35,3552,4944,1
29,873,3482,30.54,4816,4944,1
29,880,2565,29.88,0,4864,0
29,873,3325,29.73,3328,4928,0
29,874,3425,30.02,320,4944,0
29,879,2630,30.37,0,4928,0
29,871,3493,30.33,1824,4944,0
29,874,3042,30.07,1040,4944,0
16,877,2780,30.38,8096,4960,0
29,876,3408,29.68,2144,4944,0
29,873,3399,29.93,0,4944,0
16,876,3055,31.43,5184,4912,0
29,873,3157,30.41,0,4912,0
29,876,3402,29.76,3776,4944,0
29,868,2685,29.9,0,4928,0
29,875,2679,30.44,3072,4896,0
29,876,2840,30,1088,4928,0
29,875,3066,30.45,2736,4944,0
29,875,3076,30.55,720,4912,0
29,873,2664,29.46,0,4944,0
29,875,2826,29.49,4048,4928,0
29,875,2601,29.83,1136,4896,0
29,875,2563,29.4,2144,4944,0
29,875,3099,29.78,0,4944,0
16,873,3295,30.62,8544,4960,0
26,875,2657,30.13,2144,4960,0
29,875,3471,30.62,784,4944,0
29,878,2717,30.22,4752,4944,0
29,875,2991,29.56,144,4960,0
29,876,2669,30.15,2336,4944,0
29,875,2921,29.98,688,4912,0
14,862,3395,38.14,3328,4928,0
16,875,3421,29.98,5136,4928,0
17,873,2916,30.25,848,4960,0
17,876,2643,30.43,4544,4912,1
17,873,3051,30.18,336,4944,1
17,877,3575,31.54,5184,4928,1
17,873,3335,31.46,848,4960,1
14,865,3000,37.44,1824,4944,1
16,877,3527,31.13,5072,4960,1
16,874,3519,31.27,576,4960,1
19,875,3426,29.37,3088,4944,1
29,874,3390,30.02,1568,4960,1
15,886,3108,32.18,7024,4928,1
15,886,3605,32.02,0,4960,1
17,886,2916,32.21,2368,4944,1
16,875,3595,31.95,0,4944,1
29,883,3231,31.8,5456,4928,1
29,880,3555,31.78,0,4944,1
16,874,3089,30.05,1440,4912,1
16,876,3373,30.01,0,4896,1
17,876,2619,30.54,0,4944,1
17,872,2599,30.32,0,4928,1
17,872,2852,29.98,5120,4944,1
24,870,3097,29.8,880,4944,1
14,848,6037,31.99,384,4896,0
16,876,3382,31.42,4944,4928,0
17,875,3243,31.48,1008,4960,0
29,868,2771,30.66,0,4912,0
29,873,3284,30.49,2624,4928,0
29,873,3109,30.7,80,4960,0
29,875,2940,30.06,0,4928,0
29,875,3343,30.08,2640,4976,0
29,875,2661,29.94,144,4944,0
28,880,2570,29.77,0,4944,0
28,876,3120,29.71,2896,4960,0
29,874,3402,30.02,736,4960,0
19,862,2734,30.29,0,4944,0
29,876,2681,30.02,1952,4944,0
29,875,2653,30.39,944,4960,0
15,850,3000,37.78,976,4944,0
17,876,2736,30.96,3792,4944,0
17,870,3509,31.07,80,4912,0
20,882,3280,30.29,0,4928,0
29,875,2638,30.35,3568,4944,0
29,875,3014,29.96,496,4944,0
29,875,3311,29.67,0,4928,0
29,877,2847,29.52,4240,4928,0
29,876,2673,30.22,1440,4944,0
27,876,3132,30.95,2304,4928,0
29,873,3134,31.18,0,4896,0
16,873,3501,31.06,8480,4928,0
28,875,3520,30.68,3408,4928,0
29,873,3093,30.53,0,4896,0
14,858,3000,37.92,3072,4896,1
16,873,2821,30.7,5760,4944,1
16,873,3030,30.6,0,4928,1
14,878,3035,37.52,10016,4912,1
16,875,3270,31.45,496,4944,1
17,875,2789,31.56,4144,4944,1
17,877,3649,32.03,4944,4928,1
17,875,3421,31.92,1152,4960,1
16,878,2815,31.63,5200,4944,1
17,879,2874,31.74,0,4944,1
14,877,2893,43.54,4464,4928,1
16,879,3260,31.5,6016,4944,1
16,874,3596,32.12,1584,4944,1
18,872,2613,30.15,0,4960,0
19,879,2725,30.59,2560,4944,0
29,877,3504,30.91,1168,4960,0
25,878,3186,30.53,3856,4944,0
23,877,3508,30.41,1280,4944,0
29,873,2681,30.91,0,4928,0
27,876,3602,31.08,3408,4944,0
28,878,3360,30.22,672,4944,0
14,866,3595,39.15,3408,4928,0
17,879,3548,31.53,6080,4928,0
16,877,3440,31.39,1088,4928,0
29,885,3004,31.34,0,4928,0
29,877,3549,31.2,2400,4944,0
29,878,2770,30.88,1408,4960,0
29,880,2626,30.33,0,4928,0
29,877,2853,30.18,3184,4928,0
29,879,3091,30.12,544,4944,0
29,880,2665,30.67,0,4912,0
29,878,2762,31.18,3184,4928,0
29,880,3274,31.37,1008,4960,0
29,887,2556,29.89,0,4912,0
29,878,3200,29.63,3088,4928,0
29,875,2660,30.02,1584,4928,0
29,876,2908,29.5,1840,4944,0
29,874,3454,30.57,1088,4928,0
29,881,3213,29.6,0,4912,0
29,879,2925,29.77,1584,4944,0
29,878,3064,29.29,720,4944,0
16,876,3583,31.73,4800,4944,0
17,878,2776,31.88,0,4960,1
16,878,3521,31.11,0,4928,1
16,877,2780,31.07,4816,4960,1
16,876,2859,31.59,736,4944,1
15,866,3605,31.76,1200,4960,1
17,883,3272,31.54,5392,4944,1
17,883,3416,31.42,0,4960,0
16,881,3179,31.16,7216,4944,0
16,882,3526,31.19,976,4928,0
14,880,2885,21.65,3088,4944,0
16,882,2821,31.79,4944,4960,0
16,880,3576,31.83,1280,4944,0
29,884,3458,30.77,0,4960,0
29,881,3072,30.58,4304,4928,0
29,879,2751,30.97,1440,4944,0
29,880,2912,31.5,0,4944,0
29,882,3602,31.51,3152,4928,0
29,879,2736,31.46,1104,4960,0
29,882,2640,30.78,0,4928,0
29,883,2729,30.71,4432,4912,0
29,881,3546,30.9,608,4944,0
29,879,2900,31.35,0,4912,0
29,881,3596,31.8,4688,4944,0
29,878,3176,32.06,2464,4960,0
29,879,3253,31.74,0,4944,0
29,881,3535,31.35,3904,4944,0
29,879,2776,31.44,848,4928,0
29,880,2972,30.12,3152,4912,0
29,878,3476,30.72,0,4912,0
29,879,2639,30.56,0,4928,0
29,882,3086,30.28,3072,4944,0
29,879,3075,30.24,208,4944,0
29,883,3166,31.73,0,4960,0
29,879,2856,31.87,3408,4912,0
29,879,3284,31.26,208,4928,0
14,872,3400,37.13,2272,4912,1
16,880,3605,31.25,5520,4944,1
17,879,3157,31.34,480,4944,1
29,878,2749,31.16,912,4960,0
29,879,3568,31.1,0,4944,0
29,875,3503,31.31,0,4928,0
29,882,2883,31.64,3856,4960,0
29,878,2767,31.34,1824,4960,0
29,879,2776,31.13,3024,4944,0
29,878,3062,30.92,96,4912,0
13,881,2900,41.71,3952,4944,0
16,881,3048,32.11,5904,4928,0
16,879,3302,31.97,1264,4944,0
16,882,3281,31.65,6864,4928,0
29,879,2762,30.75,2560,4944,0
29,877,3055,31.16,912,4960,0
29,883,2652,30.97,0,4928,0
29,883,3143,30.97,3760,4944,0
29,879,2829,31.75,1760,4944,0
16,882,3232,32.06,6752,4960,0
18,881,3623,31.9,7168,4912,0
29,879,3518,31.29,0,4960,0
29,881,3046,31.49,3152,4944,0
29,869,2839,31.34,0,4944,0
29,881,3579,31.35,2400,4944,0
29,880,2984,31.11,16,4928,0
29,879,3495,31.05,0,4944,0
29,880,2767,31.04,2672,4928,0
29,880,3228,31.12,192,4944,0
29,879,2886,30.35,0,4928,0
29,883,3396,30.63,2528,4944,0
29,880,2704,30.45,1136,4944,0
29,879,2796,30.52,2096,4928,0
29,880,3404,30.39,912,4944,0
29,880,2649,30.42,0,4944,0
29,880,2691,30.29,2720,4912,0
29,877,2710,30.76,960,4928,0
28,882,2836,30.61,1824,4944,0
29,877,2821,30.65,912,4944,0
13,861,3000,37.54,3536,4928,0
16,880,2885,31.99,6528,4928,0
16,877,3630,32.24,544,4944,0
25,885,3441,30.97,0,4960,0
29,882,3583,30.99,3792,4928,0
29,880,3584,31.42,0,4928,0
16,879,2741,31.45,7216,4928,0
22,882,3173,30.13,2400,4944,0
23,879,2631,30.29,832,4960,0
29,881,3182,30.82,3072,4944,0
29,879,3303,30.57,1136,4944,0
17,881,2708,30.57,1568,4944,0
29,878,2907,30.63,624,4944,0
29,883,2701,31.27,0,4944,0
29,882,2761,31.14,3328,4960,0
29,881,3592,30.73,0,4944,0
29,881,2849,30.91,0,4944,0
29,882,2753,30.95,3392,4944,0
29,879,3096,30.64,416,4944,0
29,884,2671,31.04,0,4944,0
29,879,3210,30.59,2896,4944,0
29,881,3133,30.4,1824,4928,0
16,879,3559,31.73,7680,4928,0
17,882,2689,30.59,2832,4960,0
24,880,2679,30.46,880,4960,0
27,880,3373,30.32,0,4928,0
29,882,2689,30.63,4944,4928,0
29,879,3338,30.94,256,4944,0
29,883,3500,31.39,0,4928,0
29,881,2762,30.85,3664,4928,0
29,881,3537,30.86,416,4944,0
16,879,2775,31.66,7488,4944,0
25,882,3112,31.41,2768,4944,0
29,878,3573,31.27,480,4928,0
15,881,2753,31.34,8320,4832,0
17,880,2725,30.46,1312,4944,0
26,878,3476,30.67,0,4928,0
20,880,2808,31.43,2112,4928,0
29,879,3074,31.11,368,4944,0
16,882,3621,32.14,4528,4928,0
16,880,2993,32,0,4960,0
29,878,3245,31.78,0,4944,0
29,880,2974,32.07,3408,4912,0
29,880,2748,31.15,1104,4944,0
29,881,3248,31.06,0,4960,0
29,882,3505,30.68,3376,4912,0
29,878,3535,30.68,288,4944,0
17,880,3089,30.49,4592,4944,0
27,878,3027,30.62,848,4944,0
16,879,3562,31.49,4048,4944,0
16,879,2749,31.44,160,4944,0
29,878,3297,31.33,0,4912,0
29,879,3182,31.38,3472,4928,0
29,880,3052,31.27,704,4944,0
22,881,2875,30.5,0,4944,0
21,880,3111,30.35,2288,4960,0
26,880,3528,30.79,608,4928,0
17,882,2740,29.9,0,4944,0
23,880,3459,29.98,3216,4944,0
17,878,2950,30.16,240,4912,0
17,883,2683,31.42,0,4928,0
18,880,2736,30.74,3024,4928,0
29,882,3264,31.06,1216,4912,0
19,883,3182,31.01,0,4928,0
28,880,2739,30.79,3696,4928,0
29,882,3027,30.67,1104,4960,0
23,884,2666,30.76,0,4944,0
20,880,3571,31.1,2352,4944,0
29,882,2840,31.96,1888,4944,0
29,879,2979,31.04,0,4960,0
29,881,3178,31.11,2592,4960,0
29,879,3534,31.18,352,4896,0
16,880,2717,30.98,7024,4960,0
17,880,2684,30.31,3264,4944,0
23,880,2700,30.49,2544,4944,0
29,879,2600,30.4,0,4944,0
29,882,2812,30.45,3504,4944,0
29,879,3242,30.45,288,4960,0
29,883,3529,31.43,0,4944,0
29,879,3601,31.6,3072,4944,0
29,880,3331,31.8,0,4928,0
16,882,3643,32.26,5616,4928,0
27,881,3569,31.6,2080,4944,0
29,879,2745,30.89,1136,4944,0
16,878,3064,31.96,4304,4912,0
19,882,3011,32.13,0,4960,0
29,880,3710,32.5,3024,4928,0
15,880,3200,32.77,3664,4944,0
16,880,2799,32.01,0,4944,0
16,880,3305,32.26,6064,4928,0
16,878,3653,32.36,512,4912,0
29,880,3428,32.67,4736,4960,0
16,880,3600,39.93,6928,4944,0
16,883,2912,32.07,0,4944,0
29,880,3017,32.12,848,4944,0
13,858,3400,37.59,3328,4896,0
16,881,3177,31.67,7408,4944,0
16,881,2996,31.67,880,4944,0
16,881,3479,31.33,8112,4960,0
29,880,3277,31.4,448,4928,0
30,881,3607,31.62,272,4944,0
16,880,3301,31.68,7840,4960,0
29,881,3271,31.2,2336,4944,0
30,881,3620,31.85,1328,4960,0
16,878,2833,32.26,8096,4944,0
30,882,3039,32.02,1712,4944,0
30,882,3653,32,368,4960,0
30,883,2790,31.35,0,4944,0
30,880,3327,31.14,2832,4912,0
30,876,3550,30.94,1664,4944,0
29,884,2695,31.14,0,4944,0
29,880,2954,30.99,3152,4944,0
30,877,2923,31.17,320,4928,0
16,882,3430,32.12,4704,4944,0
16,878,3618,32.18,960,4944,0
16,882,2863,32.08,7120,4928,0
27,879,3565,31.24,1696,4944,0
29,880,3565,31.37,80,4928,0
16,879,2824,32.33,7552,4912,0
18,880,2699,31.16,0,4912,0
19,880,2781,31.32,3408,4928,0
29,878,2947,31.29,544,4928,0
16,880,3043,31.25,7712,4960,0
26,880,2813,31.18,1680,4944,0
29,880,2786,31.41,176,4928,0
18,882,3549,31.46,0,4944,0
28,881,3089,31.24,3216,4928,0
29,877,3174,31.49,496,4960,0
28,882,2786,31.97,0,4912,0
29,882,2930,31.88,2816,4928,0
29,883,3098,31.57,288,4944,0
15,879,2992,31.43,7920,4896,0
17,881,2845,31.19,2384,4928,0
29,880,3363,31.46,0,4928,0
16,880,2888,32.43,4944,4944,0
16,881,2994,32.5,1296,4944,0
16,879,3140,31.57,8496,4928,0
17,881,3438,31.14,2672,4944,0
29,879,3104,30.78,2096,4992,0
29,883,2809,31.35,0,4944,0
29,884,3177,31.31,2352,4912,0
29,880,3183,31.43,608,4944,0
15,880,3635,31.9,7712,4944,0
23,877,3512,31.07,1536,4944,0
27,879,2845,31.34,784,4928,0
23,878,3267,31.26,0,4928,0
29,881,2992,31.71,3856,4944,0
29,880,2993,31.84,704,4944,0
16,882,2781,32,7280,4944,0
22,879,2814,31.32,1264,4912,0
29,881,2790,31.61,0,4944,0
29,880,3327,31.73,0,4944,0
29,880,3266,31.64,2160,4928,0
29,877,3397,31.53,496,4912,0
15,880,3276,32.26,8608,4944,0
24,880,2809,31.81,976,4944,0
29,876,3544,31.32,1280,4928,0
25,881,2702,31.02,0,4928,0
28,879,3058,31.07,2368,4944,0
29,880,3387,30.82,96,4944,0
13,878,3603,37.94,3440,4912,0
16,881,3028,30.96,5696,4976,0
16,878,3021,31.04,1136,4928,0
15,879,3190,31.87,6880,4944,0
16,882,3477,31.84,240,4960,0
16,881,3631,31.87,2368,4944,0
16,881,2785,31.8,6048,4960,0
16,883,3227,32.19,6048,4912,0
29,878,3066,31.17,0,4944,0
29,880,3251,31.33,3152,4928,0
17,880,3229,32.15,6304,5200,0
29,882,3328,32.33,0,4944,0
30,880,2856,32.35,2016,4960,0
30,880,3622,32.1,5056,4944,0
30,878,2831,32.31,0,4960,0
16,881,3230,31.54,7168,4960,1
16,881,2941,31.28,0,4960,1
29,877,2940,31.24,3904,4928,1
16,879,2753,31.34,3920,4896,1
16,881,3542,31.42,0,4944,1
29,880,2781,32.02,5360,4944,0
30,884,2658,30.65,0,4912,0
30,879,3212,30.71,2512,4928,0
30,881,3122,30.7,720,4960,0
17,881,3563,31.73,6448,4944,0
30,883,3239,31.16,2208,4928,0
30,881,3172,31.35,0,4960,0
30,882,2744,31.52,0,4912,0
30,881,2881,31.37,1824,4944,0
30,881,3576,31.23,624,4944,0
29,883,3674,32.23,6752,4960,0
30,866,3411,31.16,0,4896,0
30,881,2755,30.92,848,4944,0
30,880,3528,31.09,640,4944,0
24,881,2863,31.75,7152,4912,0
30,881,3228,30.91,2032,4928,0
30,878,3426,31,0,4928,0
30,879,2638,30.88,0,4928,0
30,881,2767,31.06,3696,4944,0
30,880,2740,31.2,1216,4960,0
30,878,2872,31.1,0,4960,0
30,880,3251,30.84,3072,4928,0
30,878,3336,31.31,0,4928,0
16,881,2847,31.79,6560,4944,0
29,880,3168,31.17,1632,4912,0
30,879,3517,31.17,832,4976,0
13,876,2886,31.59,3072,4912,0
17,879,3104,31.67,5520,4928,0
21,880,3573,31.64,608,4944,0
17,880,3270,31.77,6176,4944,0
30,876,2728,31.4,0,4960,0
29,880,3080,30.75,3184,4960,0
30,880,2742,31,832,4960,0
14,871,3005,50.6,208,4944,0
29,880,3644,32.52,5008,4928,0
29,880,3663,32.49,288,4944,0
30,873,3382,31.77,0,4912,0
30,880,3145,31.86,2272,4928,0
30,882,3614,31.68,1376,4960,0
29,881,2824,31.8,7024,4944,0
29,884,2798,30.4,0,4928,0
30,881,2904,30.5,2144,4944,0
29,880,3092,30.38,608,4944,0
30,882,2665,30.67,0,4944,0
30,880,3148,30.62,2656,4944,0
29,880,3474,30.81,0,4928,0
30,879,3036,30.97,0,4944,0
30,881,3159,30.75,3152,4960,0
30,881,2911,30.78,272,4944,0
30,886,2568,29.91,0,4960,0
30,881,3436,30.09,1104,4944,0
30,880,3217,30.49,64,4912,0
17,881,2972,31.43,7200,4944,0
30,877,2704,30.7,1040,4960,0
30,880,3107,30.6,0,4912,0
16,879,2768,31.52,6624,4944,0
29,879,3106,30.79,784,4944,0
30,880,3501,30.77,0,4928,0
16,880,3576,31.85,6624,4928,0
29,877,2871,30.59,1216,4960,0
30,882,2742,31.26,1440,4928,0
30,878,3414,30.54,0,4944,0
30,879,2730,30.46,3184,4928,0
30,879,2729,30.87,912,4928,0
16,881,2964,31.59,6064,4960,0
29,878,2708,30.54,1696,4928,0
30,880,2832,31.16,240,4928,0
29,882,3573,31.48,3920,4960,0
29,878,2780,31.49,0,4976,0
30,878,3346,30.12,0,4944,0
30,880,3160,30.99,3024,4960,0
30,879,3289,30.8,848,4960,0
16,878,2755,31.1,6992,4944,0
30,879,3080,30.24,544,4944,0
30,880,3470,30.66,0,4928,0
16,882,2699,31.11,6816,4944,0
29,868,2727,30.27,0,4928,0
30,882,2732,30.52,1712,4944,0
30,880,2981,30.25,448,4944,0
30,878,3112,31.47,0,4944,0
30,880,2986,31.38,2432,4928,0
30,879,2726,30.91,1360,4912,0
30,878,3235,30.68,0,4944,0
30,881,3237,30.65,3408,4960,0
30,880,3260,30.49,144,4944,0
16,881,3512,31.26,6816,4928,0
29,879,3463,30.16,1264,4944,0
30,880,3163,31.07,0,4928,0
30,877,3081,31.09,0,4928,0
30,879,3080,31.36,4048,4944,0
30,878,2766,31.57,2288,4928,0
16,882,3533,31.31,7648,4944,0
29,881,2986,30.51,1168,4944,0
30,880,3090,30.55,688,4928,0
29,880,3503,31.72,4096,4960,0
29,880,3588,31.94,0,4944,0
27,880,3434,32.53,6432,4928,0
30,881,3077,31.36,2544,4944,0
30,879,3327,30.99,0,4944,0
16,880,3159,31.54,5488,4960,0
17,880,3405,31.76,6384,4944,0
29,878,3102,31.55,0,4960,0
29,882,3231,31.69,2752,4944,0
16,883,2774,31.87,4576,4944,0
17,880,2722,31.25,0,4912,0
17,878,2981,30.85,2768,4944,0
29,878,3157,31.69,0,4928,0
16,881,2812,32,5072,4912,0
28,878,3561,31.38,704,4928,0
29,880,3600,31.22,2656,4976,0
15,880,3481,31.27,4944,4944,0
15,879,3353,31.44,0,4960,0
15,882,3009,31.48,7296,4960,0
16,882,3418,31.33,496,4944,0
16,880,3137,31.14,2352,4944,0
17,882,3092,32.07,4688,4944,0
17,883,2774,31.86,0,4960,0
16,883,3511,31.44,7456,4960,0
29,880,2990,30.19,1696,4944,0
29,882,3199,30.38,0,4944,0
16,885,0,31.56,5856,4944,1
29,887,2666,29.85,0,4944,1
29,882,3451,30.07,3152,4944,1
29,881,3454,29.81,0,4944,1
16,883,3100,31.74,6496,4944,1
27,883,3332,31.76,1952,4928,1
29,883,3440,31.21,880,4912,0
16,883,3182,31.79,6560,4944,0
27,877,3425,30.37,0,4896,0
29,883,3134,30.82,2096,4944,0
29,880,2982,30.54,1568,4928,0
16,882,3152,31.71,7328,4960,0
29,882,3538,30.81,2272,4960,0
29,882,3539,31.19,0,4944,0
29,883,3032,30.77,0,4928,0
29,882,3309,30.46,2176,4928,0
29,882,3212,30.39,1312,4928,0
16,883,3154,31.5,6752,4960,0
17,882,3070,30.19,1728,4960,0
22,880,3503,30.42,432,4928,0
15,882,2953,31.32,7296,4944,0
17,884,3378,30.34,848,4944,0
29,880,3169,30.42,0,4928,0
14,880,2900,38.47,3328,4928,0
16,883,3002,31.85,5536,4960,0
16,880,2779,31.96,0,4912,0
16,882,3030,31.56,7776,4944,0
17,880,2609,30.19,0,4912,0
18,883,3249,30.45,2160,4944,0
25,882,3293,30.32,480,4944,0
23,883,3330,30.44,0,4928,0
19,883,3118,30.48,3760,4928,0
29,883,3105,30.4,672,4912,0
15,882,3259,31.44,7440,4944,0
16,886,2755,31.62,7968,4960,0
17,882,3126,29.93,544,4944,0
17,884,3258,30.13,3904,4960,0
13,888,2879,37.85,4368,4944,0
16,885,3035,31.04,5232,4944,0
16,883,3402,31.01,0,4944,0
17,883,2865,30.84,1632,4944,0
26,882,3443,30.76,576,4944,0
17,882,2655,30.6,0,4944,0
22,881,3393,30.46,2560,4944,0
21,882,2762,30.85,272,4960,0
29,886,2660,30.65,0,4960,0
29,881,3494,30.29,2096,4944,0
29,881,3173,30.31,416,4928,0
17,883,3193,30.4,0,4960,0
29,881,2992,29.84,2704,4960,0
26,884,2656,30.07,944,4928,0
29,880,3398,30.24,0,4944,0
29,882,3492,30.07,4112,4944,0
29,884,3012,30.92,2016,4928,0
17,883,2835,30.98,2464,4928,0
23,882,3070,31.4,0,4912,0
14,876,3100,39.86,720,4880,0
16,883,3254,32.1,4576,4960,0
16,883,3291,32.08,0,4960,0
29,881,3236,30.57,0,4928,0
29,884,3094,30.77,3840,4960,0
29,883,3128,30.94,672,4928,0
15,881,2890,37.58,2224,4912,0
16,883,2771,31.38,4496,4944,0
16,883,3531,31.31,0,4960,0
14,880,2883,37.7,2432,4928,0
16,883,3110,31.46,4864,4944,0
16,879,2904,31,752,4944,0
15,882,3055,31.51,8512,4960,0
17,882,3210,30.69,1840,4928,0
22,882,3204,30.82,0,4928,0
17,881,3223,30.69,3520,4944,0
17,884,3485,30.41,0,4928,0
17,882,3496,30.41,2016,4960,0
22,883,3170,30.31,0,4944,0
17,887,2579,29.98,0,4928,0
17,884,2674,30.51,4208,4944,0
20,881,3169,30.09,0,4928,0
17,883,3042,29.88,2960,4960,0
16,881,3425,29.6,320,4944,0
19,882,3394,30.45,0,4928,0
28,881,2939,30.67,2176,4944,0
28,881,3088,30.34,1632,4944,0
17,880,3180,29.92,0,4944,0
17,884,2865,30.33,4512,4944,0
29,881,2886,30.37,1408,4928,0
17,881,3000,30.65,2528,4944,0
29,882,2721,30.61,880,4960,0
17,886,2623,30.3,0,4944,0
23,884,2792,30.28,3216,4928,0
28,882,3360,30.34,560,4960,0
16,883,2831,32.24,0,4928,0
16,884,3626,32.19,4720,4944,0
17,880,3138,32.31,752,4928,0
15,875,3505,32.2,832,4912,0
17,884,2840,32.4,4432,4944,0
16,882,3415,32.27,0,4896,1
16,883,2792,31.97,0,4928,1
16,884,3238,31.92,4720,4944,0
17,883,3549,32.43,1024,4944,0
14,882,2893,32.44,2480,4912,0
16,883,3233,32.03,4928,4960,0
16,884,3617,32.15,0,4960,0
15,883,3121,31.87,6320,4944,0
15,886,2878,31.8,0,4944,0
15,884,3590,31.66,3488,4944,0
14,885,2897,31.65,1632,4928,0
16,887,2801,31.75,6048,4928,0
16,886,3384,31.75,112,4928,0
17,888,3025,30.78,3024,4944,0
16,889,3262,30.45,1216,4944,0
17,886,3093,30.4,0,4960,1
17,886,3287,30.08,3488,4928,1
17,886,3461,31,80,4912,1
17,882,3419,30.47,0,4960,1
26,887,3505,31.03,4368,4944,0
18,889,3564,30.71,1008,4960,0
17,876,2850,31.45,0,4928,0
17,886,3209,31.3,3920,4912,0
17,886,3589,31.25,1040,4928,0
16,888,3102,31.09,2928,4944,0
17,888,2804,31.53,128,4960,0
17,887,3491,31.31,0,4928,0
17,889,3582,31.31,4752,4944,0
17,886,3398,31.51,1440,4928,0
17,889,3453,31.07,0,4944,0
17,887,3364,30.87,2960,4944,0
17,885,2766,30.68,0,4944,0
17,886,3176,31.11,0,4944,0
19,889,3548,30.89,3920,4944,0
17,886,3541,30.98,576,4944,0
17,891,2850,30.85,0,4960,0
19,887,3040,31.01,3088,4928,0
22,887,2840,30.75,0,4944,0
19,887,2635,30.87,0,4944,0
21,887,3181,30.9,3648,4944,0
21,886,2772,31.12,448,4944,0
16,888,3320,32.75,5392,4944,0
17,886,3601,32.82,0,4944,0
29,889,3563,31.12,1040,4944,0
29,886,3568,31.03,576,4928,0
29,886,3141,30.9,3904,4944,0
29,889,2740,30.79,1520,4912,0
28,888,3543,30.46,2960,4928,0
29,885,3554,30.79,352,4944,0
23,888,3150,30.55,2016,4928,0
29,885,3330,30.56,112,4944,0
17,886,3324,30.53,3376,4928,0
29,885,3209,30.25,1840,4976,0
29,886,2726,31.02,2688,4944,0
29,886,3292,31.22,784,4928,0
29,889,2852,30.71,0,4976,0
29,889,2851,30.54,1952,4928,0
26,888,3538,30.4,624,4944,0
20,867,2831,31.31,0,4944,0
29,887,3469,31.11,3280,4944,0
29,885,3278,30.89,640,4944,0
26,886,3474,30.77,0,4960,0
29,889,3155,30.72,3216,4912,0
29,889,3266,30.93,656,4944,0
17,887,2722,30.27,2576,4944,0
28,886,3444,30.64,1072,4912,0
16,889,2839,32.01,4208,4944,0
17,886,3633,32.19,0,4928,0
29,889,2873,30.87,0,4944,0
29,887,3219,31.39,2464,4928,0
28,889,3401,30.43,784,4912,0
26,888,3167,31.85,1440,4976,0
27,888,3336,32.42,784,4960,0
29,890,2819,31.45,0,4960,0
29,885,3586,31.46,3920,4944,0
29,886,2803,31.33,1568,4944,0
17,886,2861,30.82,3216,4944,0
27,886,3445,30.8,1280,4896,0
28,887,3255,30.09,0,4944,0
28,886,3305,30.68,3280,4944,0
26,886,2824,30.92,816,4960,0
14,889,3000,37.88,3440,4960,0
16,886,3407,31.8,5920,4944,0
16,886,3284,31.72,176,4944,0
28,887,2720,30.47,2496,4928,0
17,886,3001,30.22,0,4928,0
18,887,3423,30.68,0,4928,0
29,887,2781,30.67,3904,4944,0
29,884,3446,31.04,592,4944,0
29,886,3153,30.7,0,4928,0
29,886,3245,30.85,4928,4912,0
29,885,2963,30.58,800,4960,0
16,887,3541,30.94,784,4944,0
17,888,3456,30.45,0,4928,0
17,887,3091,31.11,0,4944,0
17,890,2526,29.78,0,4944,0
17,887,3241,29.71,3344,4944,0
19,889,2942,29.72,240,4960,0
16,888,3001,32.74,4944,4944,0
17,890,3204,32.92,0,4928,0
29,886,3105,31.47,2656,4928,0
28,886,3404,30.42,0,4944,0
14,881,3693,47.4,2096,4944,0
16,887,3186,31.48,5456,4928,0
16,888,3155,31.46,1168,4944,0
14,888,2915,31.54,10720,4944,0
17,886,3541,31.78,1760,4944,0
17,886,3165,32,2880,4912,0
14,880,3005,32.12,96,4912,0
16,886,2822,32.32,4976,4928,0
16,886,3146,32.01,112,4944,0
15,888,3318,38.73,8096,4928,0
26,888,3350,32.67,304,4928,0
29,888,3203,32.47,2896,4912,0
17,887,3629,32.04,4240,4960,0
17,886,3597,32.14,0,4928,0
16,886,3294,31.74,6320,4928,0
28,884,2952,31.17,64,4912,0
29,887,3590,31.32,3280,4928,0
19,889,2802,30.44,0,4944,1
19,886,3507,30.42,3344,4944,1
27,886,3014,30.55,1312,4944,1
19,887,2609,30.67,0,4912,1
23,889,3135,30.3,4096,4944,1
28,887,3329,30.42,208,4928,1
14,886,2900,31.09,3568,4928,0
16,889,2766,31.14,5232,4944,0
16,885,3165,31.21,1296,4960,0
17,886,3235,31.45,3072,4928,0
20,887,3598,31.33,1312,4928,0
20,884,2697,31.39,0,4944,0
18,887,3013,31.39,3264,4944,0
29,886,3329,31.69,2144,4928,0
22,890,2793,31.07,0,4944,0
29,889,3457,31.97,3664,4928,0
28,886,3299,31.13,672,4944,0
29,884,2993,31.16,0,4912,1
29,888,3432,31.01,3952,4944,1
29,889,3536,30.64,368,4944,1
29,887,3070,30.24,0,4912,0
28,888,2680,30.14,3600,4944,0
29,889,2778,30.12,496,4928,0
28,891,3462,30.8,0,4944,0
29,886,3223,30.65,2960,4928,0
29,889,2800,31.33,848,4928,0
29,887,3221,30.49,0,4928,0
29,887,2731,30.63,3136,4944,0
29,886,3583,30.94,1232,4944,0
29,886,3457,30.59,0,4992,0
29,887,3398,30.61,3184,4928,0
29,886,3415,30.28,0,4928,0
14,888,2903,31.12,2400,4960,1
16,888,3159,31.21,5008,4912,1
16,886,3521,31.33,272,4912,1
14,881,3310,37.99,3088,4944,0
16,886,3607,31.87,5184,4912,0
16,886,2787,31.79,720,4912,0
13,889,2893,31.81,4944,4944,0
16,888,3321,32.02,5536,4960,1
16,889,3602,32.09,0,4944,1
15,881,2890,31.08,832,4928,1
17,888,2787,31.31,4304,4944,1
27,887,3277,31.3,0,4928,0
15,887,2707,31.47,7248,4944,0
16,887,3199,31.3,0,4944,0
16,889,2824,30.9,3392,4944,0
17,892,3121,32.19,3664,4960,0
17,893,3513,32.27,624,4944,0
16,894,2837,32.23,6048,4944,0
29,889,2936,31.53,0,4944,0
29,893,3244,30.98,0,4944,0
29,892,2797,31.11,4304,4896,1
26,892,3071,31.37,2096,4928,0
29,890,3280,31.05,1104,4912,0
16,893,3358,32.17,4544,4912,0
17,889,3552,31.96,3664,4928,0
17,892,3169,31.36,2880,4912,0
20,893,3209,30.98,3072,4944,0
29,892,3190,31.27,4624,4928,0
29,893,3629,31.52,2896,4960,0
29,892,3332,31.73,5760,4944,0
29,893,3030,31.92,3472,4928,0
29,894,3616,31.81,4928,4928,0
16,891,3073,32.31,5312,4944,0
29,890,3254,30.91,1568,4928,0
29,891,2847,31.03,4368,4928,0
22,893,2687,31.04,0,4976,0
29,893,3346,30.99,3152,4944,0
29,890,2727,30.81,0,4928,0
29,895,3539,31.46,0,4960,0
29,893,3150,31.01,3920,4928,0
29,892,3578,31.24,1040,4928,0
22,896,2558,30.02,0,4960,0
20,892,2657,30.13,3392,4944,0
29,891,2722,31.3,0,4944,0
29,891,2715,31.34,0,4960,0
29,891,2785,31.29,3328,4944,0
29,890,3556,30.81,2192,4912,0
16,894,3442,31.95,5536,4944,0
29,890,3280,30.68,0,4944,0
29,893,3517,30.6,2880,4944,0
17,890,3359,30.08,2528,4928,0
29,888,3049,30.23,0,4960,0
29,891,3665,32.61,5056,4944,0
29,892,2966,32.44,0,4944,0
14,885,3010,31.53,1952,4944,0
17,890,3057,32.4,6048,4944,0
16,891,2857,32.22,352,4960,0
29,891,3456,30.17,2304,4960,1
29,892,3428,30.16,0,4928,1
29,892,3340,31.24,3536,4912,0
29,891,3500,31.25,0,4944,0
29,890,3553,30.81,3152,4928,0
29,889,3554,30.82,384,4928,0
23,892,3138,30.57,0,4928,0
26,893,3035,30.57,3280,4928,0
23,891,3433,30.48,3024,4928,0
29,891,2913,30.88,2416,4944,0
29,892,2732,30.71,448,4944,0
17,889,3243,31.13,2464,4944,0
17,891,3204,30.65,576,4944,0
17,893,2653,30.72,0,4928,0
25,893,2719,30.87,4976,4944,0
18,893,3509,30.72,1120,4928,0
14,889,3705,50.05,3904,4992,0
16,891,3682,32.66,5072,4960,0
16,892,3462,32.71,112,4928,0
14,894,2993,32.89,3184,4928,0
16,890,3227,31.87,5120,4912,0
16,891,2791,31.96,0,4944,0
20,894,2961,30.94,0,4928,0
29,893,2726,30.77,3072,4960,1
29,890,3226,30.98,0,4912,1
16,891,3463,30.14,1824,4944,0
23,891,3188,30.33,1216,4928,0
29,895,2628,30.51,0,4976,0
29,893,3164,30.44,3408,4944,0
29,890,3448,30,0,4944,0
29,895,3184,30.31,0,4928,0
29,891,3016,30.44,3904,4928,0
29,892,3199,30.75,16,4944,0
28,895,2555,30,0,4960,0
29,891,2951,30.19,2464,4912,0
29,890,2671,30.5,1232,4960,0
14,891,2900,38.03,3840,4928,0
16,894,3479,31.49,5504,4912,0
16,890,3246,31.49,720,4880,0
29,892,3576,31.3,1856,4944,0
29,890,2893,31.29,0,4928,0
15,892,3474,32.12,8496,4928,0
17,889,3526,30.39,1712,4944,0
29,891,2797,30.64,0,4944,0
29,893,2616,30.23,0,4976,0
29,892,3128,30.49,1520,4928,0
29,890,3112,30.61,432,4928,0
29,886,3458,30.58,0,4944,0
29,893,3026,30.77,2928,4944,0
29,890,2689,30.77,0,4928,0
29,889,3378,30.65,0,4912,0
29,891,3116,30.86,4720,4944,0
29,891,3532,30.6,448,4912,0
29,891,2592,30.35,0,4944,0
29,892,2715,30.57,4304,4928,0
29,893,3137,31.57,448,4912,0
29,893,3142,30.89,0,4944,0
29,891,2807,30.83,3696,4944,0
29,890,3514,30.43,336,4944,0
29,893,3494,31.2,0,4944,0
29,891,3396,31.19,3280,4928,0
29,892,3086,31.35,1504,4928,0
20,891,3565,30.83,3072,4944,0
29,891,3543,30.87,0,4944,0
29,892,3149,30.78,0,4960,0
29,891,2890,30.98,3408,4944,0
29,892,2846,30.69,1024,4960,0
29,893,2734,30.5,0,4912,0
29,893,3214,30.35,2928,4928,0
29,891,3502,30.71,2016,4944,0
28,891,3095,30.5,2368,4944,0
29,891,3178,30.38,2272,4944,0
29,892,3116,30.68,0,4928,0
29,891,3233,30.64,3024,4944,0
29,890,3112,30.56,848,4960,0
29,890,3491,30.95,0,4896,0
29,891,3630,31.51,3856,4928,0
29,891,3399,31.45,32,4960,0
26,891,3367,31.15,3328,4944,0
26,893,3589,31.42,0,4944,0
14,882,3105,15.26,3072,4912,0
15,893,2993,31.72,5600,4944,0
16,892,2966,31.57,592,4928,0
16,893,3209,30.62,2528,4928,1
17,893,3188,30.86,1136,4928,1
17,896,3473,30.85,0,4976,1
19,891,3549,30.96,4112,4928,0
24,891,2725,31.09,0,4912,0
16,891,2819,30.33,2656,4960,0
17,890,3037,30.29,0,4944,0
16,890,2561,29.63,0,4928,0
17,892,2921,29.19,4592,4944,0
17,890,2609,29.81,1296,4928,0
16,895,2489,29.36,0,4944,0
17,893,3018,29.27,4208,4944,0
17,892,2801,29.61,1280,4928,0
17,897,2623,30.49,0,4976,0
16,890,3540,30.54,3344,4944,0
19,891,3427,30.53,720,4944,0
29,893,3434,30.57,0,4896,0
29,891,3372,30.89,3024,4944,0
29,892,2936,30.64,544,4944,0
29,887,3232,30.48,0,4928,0
29,893,3109,30.76,4208,4944,0
29,893,3087,31.1,1136,4928,0
29,886,3491,30.93,0,4928,0
29,891,3529,31.2,2224,4896,0
29,889,3362,31.04,0,4944,0
29,894,3323,30.81,1856,4928,0
29,891,3393,30.82,0,4944,0
29,892,2927,30.68,1824,4944,0
29,893,3125,30.59,208,4928,0
15,891,0,32.24,7584,4928,0
19,891,3336,31.01,2528,4960,0
29,892,3097,31.54,1696,4944,0
29,893,3463,30.84,0,4928,0
29,893,3574,31.36,3568,4944,0
29,890,3527,30.88,1504,4912,0
14,878,3005,38.05,2112,4896,0
19,892,3616,31.84,3840,4944,0
29,889,3149,31.57,944,4944,0
30,893,3104,30.58,0,4912,0
30,891,2678,30.55,2896,4944,0
30,890,3213,30.78,32,4928,0
30,890,2751,31.12,2704,4960,0
30,893,2802,31.83,0,4944,0
15,878,3005,43.35,176,4880,0
17,894,2849,32.12,4576,4944,0
17,890,3509,32.04,0,4928,0
17,879,2798,30.98,0,4928,0
18,893,3276,31.15,3184,4944,0
23,889,3281,31.53,544,4928,0
25,892,3017,30.43,0,4944,0
26,891,3088,30.27,4112,4928,0
28,891,2680,29.98,1392,4960,0
23,895,2566,30.16,0,4944,0
18,893,3285,30.29,3408,4912,0
29,892,3196,30.54,1136,4944,0
17,892,3105,30.33,0,4928,0
23,893,3188,30.61,4240,4944,0
29,890,3523,30.67,1232,4912,0
17,890,3168,30.15,0,4928,0
18,891,3153,30.08,4368,4944,0
17,890,3479,30.54,2736,4944,0
17,893,3009,30.27,3600,4928,0
25,890,3313,30.01,0,4944,0
16,894,3201,30.44,2016,4928,0
27,890,3364,30.08,0,4944,0
17,889,3542,30.88,3440,4928,0
29,890,3510,31.56,272,4944,0
29,889,3222,30.85,704,4928,0
29,891,3515,30.74,512,4912,0
29,891,2814,30.21,2592,4928,0
30,891,3171,31.25,0,4912,0
16,893,3188,31.75,6192,4912,0
29,892,3044,30.81,0,4928,0
29,891,3209,30.57,4288,4928,0
29,893,2657,30.95,0,4976,0
29,891,3325,30.53,3728,4944,0
30,891,3318,30.88,1216,4944,0
14,866,3600,48.92,1824,4880,0
27,893,3030,32.3,4736,4928,0
28,891,3642,32.19,976,4912,0
30,889,2744,31.44,0,4944,0
30,892,3592,31.34,3024,4944,0
30,890,3260,31.23,0,4944,0
29,890,2995,30.36,3568,4928,0
30,891,3007,30.7,0,4928,0
14,894,2893,43.43,4048,4960,0
16,892,3289,31.61,6016,4928,0
16,892,3285,31.85,160,4928,0
17,893,2950,30.76,0,4928,0
29,893,3583,31.39,2592,4944,0
29,891,3488,31.29,368,4912,0
17,892,3326,30.54,0,4928,0
20,893,3556,30.53,3520,4912,0
29,891,3357,30.59,416,4944,0
14,893,2900,38.37,4048,4944,0
16,892,3216,31.83,6304,4928,0
16,890,3459,31.7,832,4944,0
25,892,3084,31.2,2832,4928,0
29,893,3304,30.69,0,4912,0
17,893,2763,30.12,2240,4944,0
17,892,3488,30.09,1232,4944,0
17,898,2606,30.32,0,4944,0
17,891,3188,30.42,2816,4928,0
17,891,3068,30.26,0,4912,0
17,890,3372,30.26,0,4928,0
21,892,3388,30.37,2720,4896,0
25,890,3415,30.54,672,4928,0
17,892,2875,30.48,1040,4928,0
17,893,2664,30.2,0,4912,0
17,891,2587,29.99,0,4944,0
17,892,2707,30.13,2096,4912,0
18,894,2730,30.81,192,4928,0
16,894,3696,32.42,5856,4912,0
29,891,2879,31.53,0,4960,0
21,894,3405,31.37,3408,4928,0
17,892,3264,29.92,1888,4944,0
16,889,3160,29.99,0,4896,0
17,891,2601,30.48,0,4944,0
17,892,3175,30.42,3664,4912,0
23,891,2668,30.06,1632,4928,0
13,894,2907,43.62,4800,4976,0
16,891,3397,31.65,4800,4928,0
16,893,2769,31.62,32,4928,0
13,889,2893,31.39,4352,4944,0
16,892,3036,31.63,5536,4944,0
16,890,3070,31.77,1344,4928,0
17,891,3527,30.57,2496,4928,1
19,892,3533,30.52,320,4944,1
17,893,3455,30.67,0,4976,0
26,892,3500,30.55,2896,4944,0
19,894,2706,30.28,768,4944,0
20,893,2881,30.09,0,4944,0
17,892,3460,30.1,3648,4928,0
22,893,3458,30.19,592,4944,0
16,893,3348,32.45,5120,4944,0
17,891,2697,30.81,0,4944,0
17,892,3103,30.47,3392,4944,0
17,893,3571,30.79,3008,4944,0
18,893,2827,30.79,320,4912,0
16,891,3266,30.15,2688,4944,0
17,890,3197,30.66,0,4960,0
16,880,3208,30.03,0,4928,0
16,892,3176,30.36,2144,4944,0
17,890,3152,29.99,496,4928,0
13,891,3083,30.03,6048,4928,0
14,893,3017,31.22,576,4928,0
17,893,3341,32.31,4288,4944,0
17,890,3447,32.4,0,4912,0
15,893,3629,32,6368,4944,0
16,891,3502,32,0,4928,0
16,892,2880,32.18,3776,4928,0
14,886,2910,32.49,1184,4928,0
16,892,3354,32.02,5168,4912,0
16,892,3101,32.14,1024,4928,0
16,889,3117,30.29,0,4928,0
17,891,3248,30.61,2464,4944,0
18,892,3520,30.92,2096,4928,0
16,890,3259,32.37,6560,4944,0
16,892,3636,32.43,7472,4912,0
17,890,3507,31.31,0,4928,0
17,894,3250,30.86,2928,4944,0
13,878,3000,38.09,3664,4912,0
16,893,3326,32.13,5104,4928,0
16,892,3267,32.03,0,4928,0
17,895,2822,30.67,1968,4928,0
17,893,2699,30.47,912,4944,0
17,892,3107,30.79,2672,4944,0
17,891,3527,30.61,0,4928,0
17,891,2699,30.97,0,4912,0
17,892,3232,30.77,3408,4928,0
21,890,3005,30.67,1088,4928,0
17,893,3322,30.38,3136,4976,0
17,891,3232,30.14,0,4944,0
17,894,2695,31.05,0,4944,0
17,892,3394,30.85,4432,4944,0
17,890,3283,31.47,816,4928,0
17,890,3395,30.16,2816,4912,0
17,892,3527,30.54,0,4944,0
15,893,3219,31.47,8368,4928,0
16,891,3138,30.73,2928,4928,0
25,890,3594,31.17,0,4912,0
15,891,3077,32.67,7440,4928,0
16,892,3687,32.91,1232,4928,0
16,889,3479,32.84,4928,4944,0
14,882,3595,32.83,1136,4944,0
16,891,3695,32.65,5136,4960,0
17,891,3259,32.73,656,4944,0
17,890,3380,31.45,2480,4944,0
18,891,3279,31.47,0,4944,0
17,891,3516,30.21,2672,4928,0
23,891,3515,30.7,1392,4928,0
17,890,2994,31.4,2928,4928,0
19,892,3562,31.25,0,4944,0
16,891,2883,32.35,2816,4928,0
17,891,3376,32.52,2928,4928,0
17,892,3186,31.65,2080,4944,0
17,893,3074,31.23,4176,4928,0
16,891,3089,31.08,4464,4944,0
16,894,3480,31.27,4800,4960,0
18,893,3449,31.26,4432,4928,0
17,894,2859,31.26,4464,4944,0
17,891,3004,31.11,0,4976,0
27,891,3266,30.96,4672,4944,0
24,891,3500,30.67,0,4944,0
20,890,3140,30.66,0,4848,0
19,896,2795,30.58,3152,4928,0
17,892,3243,30.54,560,4944,0
17,895,2641,30.67,0,4944,0
17,891,3552,30.88,2896,4944,0
17,892,3222,30.64,1328,4928,0
17,893,3600,31.25,3280,4912,0
17,892,3580,31.15,0,4944,0
14,888,2893,38.48,4432,4928,0
16,891,3340,32.03,6432,4944,0
16,891,2790,31.88,432,4912,0
16,892,3268,32.52,6176,4944,0
29,890,3013,32.01,0,4928,0
29,893,3139,32.04,3328,4928,0
28,895,3622,32.17,0,4960,0
18,891,3606,31.71,3152,4944,0
26,891,3065,31.16,656,4896,0
16,890,3137,32.47,5536,4944,0
20,891,3260,31.46,0,4912,0
24,890,2799,31.5,4304,4912,0
20,890,2807,31,2896,4928,0
27,890,3269,31.68,0,4960,0
17,891,2684,31,0,4960,0
17,893,3267,30.81,5360,4928,0
29,889,3303,32.11,1040,4928,0
28,895,2751,31.82,0,4912,0
26,890,3402,31.89,4784,4944,0
28,893,2829,31.61,0,4944,0
27,887,3231,31.54,0,4928,0
26,891,3598,31.47,2656,4944,0
29,889,3405,31.48,1920,4928,0
17,889,2788,31.44,2352,4944,0
17,892,3343,31.08,0,4928,0
17,895,3419,30.59,0,4960,0
17,892,2733,30.75,3392,4944,0
26,892,3135,30.75,368,4912,0
13,897,2855,13.52,4512,4960,0
16,893,2674,30.53,4976,4944,0
16,891,3460,30.48,1456,4944,0
16,895,2622,30.59,0,4864,0
17,891,3199,30.48,3008,4928,0
16,891,3153,29.95,976,4928,0
16,893,3601,31.79,6304,4928,0
17,891,3268,30.44,0,4944,0
18,890,2909,30.54,4464,4928,0
16,891,2746,31.38,1344,4912,0
17,895,2704,30.39,0,4944,0
14,886,2900,30.8,4800,4944,0
16,893,3279,31.47,5664,4960,0
16,891,3156,31.28,1280,4912,0
16,888,2587,29.99,0,4896,0
17,893,2943,30.38,2336,4944,0
17,892,3517,30.49,0,4944,0
16,893,2941,32.11,9456,4944,0
17,890,2851,31,3408,4912,0
26,889,2735,31.07,0,4912,0
27,893,3194,31.21,2688,4928,0
29,890,3343,31.11,688,4944,0
15,893,3107,32.7,7456,4928,0
16,891,3661,32.8,0,4912,0
17,893,3635,32.7,3952,4928,0
14,892,3097,32.86,3760,4960,0
16,893,3712,32.52,5808,4928,0
16,891,3456,32.57,0,4912,0
25,893,3624,31.24,3856,4928,0
23,892,3253,31.18,144,4928,0
17,890,3353,30.92,2464,4944,0
21,891,2730,31.28,624,4912,0
17,890,3347,30.88,2096,4928,0
23,890,2963,31.12,0,4896,0
26,891,3505,31.2,0,4896,0
21,893,2857,30.96,4208,4944,0
17,891,3225,31.06,0,4912,0
17,892,3537,30.49,3072,4928,0
17,893,3530,30.7,176,4960,0
16,893,3240,32.29,8704,4944,0
17,891,3607,31.56,2400,4928,0
17,891,3249,31.17,64,4944,0
16,883,2783,30.83,0,4928,0
17,892,3151,30.67,2768,4928,0
17,892,3329,31.3,1088,4928,0
15,893,2884,32.56,8160,4944,0
16,892,3183,31.09,1328,4928,0
18,891,3303,30.87,0,4928,0
16,893,3044,32.4,6944,4928,0
16,891,2854,32.33,0,4912,0
17,892,3269,32.59,3264,4928,0
16,892,3247,32.47,4544,4944,0
17,893,3327,32.41,0,4912,0
17,896,2853,30.86,0,4944,0
17,891,3336,30.96,3344,4928,0
20,890,3438,30.7,832,4928,0
28,891,3153,30.79,0,4928,0
23,893,3116,30.49,2720,4944,0
19,892,2672,30.74,832,4912,0
16,893,3102,32.46,7072,4944,0
17,891,3141,31.13,0,4928,0
17,892,3083,31.03,2272,4944,0
16,892,3193,31.12,2592,4928,0
17,891,3099,31.41,0,4928,0
17,892,2662,30.11,2480,4944,0
17,889,3371,30.34,608,4928,0
17,892,3329,30.48,2096,4928,0
17,893,3221,30.46,0,4960,0
17,895,2638,30.62,0,4928,0
16,889,3320,30.66,3072,4912,0
17,892,3143,30.97,304,4960,0
17,893,3339,31.5,0,4960,0
17,891,3569,31.86,2464,4928,0
23,889,3615,31.32,0,4944,0
16,886,2657,30.52,0,4912,0
17,891,2748,30.53,3568,4944,0
17,891,3438,30.61,304,4928,0
13,894,2881,47.47,5120,4944,0
16,893,2770,31.09,6112,4944,0
16,890,3154,31.21,0,4928,0
17,891,3363,30.85,2480,4912,0
20,893,3542,30.74,0,4960,0
17,883,3103,31.03,0,4928,0
17,892,3172,31,3024,4944,0
20,893,3555,31.26,1008,4944,0
17,892,3492,31.46,3152,4944,0
17,891,2866,31.24,352,4944,0
15,892,3605,31.72,7152,4928,0
17,891,3329,30.82,0,4928,0
23,891,3049,30.99,3664,4928,0
16,891,3051,30.91,6064,4944,0
16,893,3141,30.39,0,4928,0
16,892,2911,30.24,3216,4928,0
14,877,3000,30.48,2496,4912,0
16,891,2710,31.07,4304,4928,0
16,890,3167,30.89,0,4944,0
16,892,2946,31.35,5664,4944,0
16,893,3373,31.41,0,4912,0
17,892,2775,29.29,1792,4928,0
16,892,2760,30.04,2896,4928,0
17,892,2648,29.9,784,4928,0
16,891,3014,30.35,1504,4928,0
17,890,3476,30.58,0,4928,0
17,892,2979,29.88,2528,4928,0
17,890,3462,29.9,0,4944,0
